vehicle_x,vehicle_y,start_x,start_y,goal_x,goal_y
-0.7246258205644875,0.22703338003723428,-0.26507615475790514,0.031113303124200575,3.766058008575622,4.0366907755713335
